{
  "type": "minecraft:crafting_shaped",
  "group": "planks",
  "pattern": [
    " a ",
    " b ",
    " b "
  ],
  "key": {
    "a": [
       {
        "item": "minecraft:coal"
       },

       {
         "item": "minecraft:charcoal"
       }
    ],
    "b": [
      {
        "item": "minecraft:oak_planks"
      },
      {
        "item": "minecraft:acacia_planks"
      },
      {
        "item": "minecraft:bamboo_planks"
      },
      {
        "item": "minecraft:birch_planks"
      },
      {
        "item": "minecraft:cherry_planks"
      },
      {
        "item": "minecraft:crimson_planks"
      },
      {
        "item": "minecraft:dark_oak_planks"
      },
      {
        "item": "minecraft:jungle_planks"
      },
      {
        "item": "minecraft:mangrove_planks"
      },
      {
        "item": "minecraft:spruce_planks"
      },
      {
        "item": "minecraft:warped_planks"
      }
    ]
  },
  "result": {
    "id": "minecraft:torch",
    "count": 4,
    "components": {
      "minecraft:custom_name": "{\"text\":\"火柱\",\"italic\":false}"
    }
  }
}
